{"cameraMode":{"drawMode":0,"name":"Shaded","section":"Shading Mode"},"sceneLighting":true,"audioPlay":false,"sceneViewState":{"showFog":true,"showMaterialUpdate":false,"showSkybox":true,"showFlares":true,"showImageEffects":true,"showParticleSystems":true},"in2DMode":false,"pivot":{"x":152.01065063476563,"y":159.7628631591797,"z":-319.8207702636719},"rotation":{"x":0.022188425064086915,"y":-0.003901965217664838,"z":-0.00008583988528698683,"w":-0.9997499585151672},"size":10.0,"orthographic":false}